{
  "timestamp": "2026-01-20T21:14:35.516638",
  "models": {
    "player_props_lstm": {
      "mse": 10.306343956496377,
      "mae": 2.580400327280794
    },
    "player_props_xgboost": {
      "mse": 10.690789144535065,
      "mae": 2.5998905403479937
    },
    "game_outcomes": {
      "xgboost": {
        "accuracy": 0.6066666666666667,
        "f1_score": 0.7142857142857143
      },
      "lightgbm": {
        "accuracy": 0.6133333333333333,
        "f1_score": 0.7177615571776156
      },
      "gradient_boosting": {
        "accuracy": 0.605,
        "f1_score": 0.7106227106227107
      }
    },
    "line_movement": {
      "random_forest": {
        "mse": 0.00987066389675021,
        "mae": 0.07321189585055049
      },
      "xgboost": {
        "mse": 0.010623505481568063,
        "mae": 0.07503694776380734
      }
    }
  }
}